<?xml version="1.0" encoding="utf-8"?>
<Defs>

	<ThingDef ParentName="PlantFoodRawBase">
    	<defName>AQFishMeat</defName>
    	<label>Pet Fish Meat</label>
    	<description>Meat resulting from the death of a pet fish. It is not very edible or nutritous.</description>
    	<graphicData>
      		<texPath>Things/Fish/AQFishMeat/AQFishMeat</texPath>
			<graphicClass>Graphic_Single</graphicClass>
    	</graphicData>
    	<statBases>
      		<MarketValue>0.5</MarketValue>
			<Mass>0.04</Mass>
      		<Nutrition>0.03</Nutrition>
			<FoodPoisonChanceFixedHuman>0.03</FoodPoisonChanceFixedHuman>
    	</statBases>
		<thingCategories Inherit="false">
      		<li>MeatRaw</li>
    	</thingCategories>
    	<ingestible>
     		<preferability>RawBad</preferability>
      		<tasteThought>AteRawFood</tasteThought>
      		<foodType>Meat</foodType>
      		<ingestEffect>EatVegetarian</ingestEffect>
      		<ingestSound>RawVegetable_Eat</ingestSound>
    	</ingestible>
    	<comps>
      		<li Class="CompProperties_Rottable">
        		<daysToRotStart>12</daysToRotStart>
        		<rotDestroys>true</rotDestroys>
      		</li>
    	</comps>
  	</ThingDef>

</Defs>