<?xml version="1.0" encoding="utf-8"?>
<Defs>

	<!-- Raw Material -->
	
	<ThingDef ParentName="PlantFoodRawBase">
    	<defName>AQSpirulina</defName>
    	<label>Spirulina</label>
    	<description>Spirulina is a biomass of cyanobacteria (seaweed/blue-green algae) that can be consumed by humans and animals. It is also used as a feed supplement in the aquaculture, aquarium, and poultry industries.</description>
    	<graphicData>
      		<texPath>Things/Raw/AQSpirulina/AQSpirulina</texPath>
			<graphicClass>Graphic_Single</graphicClass>
    	</graphicData>
    	<statBases>
      		<MarketValue>1.2</MarketValue>
			<Mass>0.03</Mass>
      		<Nutrition>0.05</Nutrition>
			<FoodPoisonChanceFixedHuman>0.01</FoodPoisonChanceFixedHuman>
    	</statBases>
		<thingCategories Inherit="false">
			<li>PlantFoodRaw</li>
    	</thingCategories>
    	<ingestible>
			<preferability>RawBad</preferability>
			<optimalityOffsetHumanlikes>-5</optimalityOffsetHumanlikes>
      		<optimalityOffsetFeedingAnimals>10</optimalityOffsetFeedingAnimals>
			<tasteThought>AteRawFood</tasteThought>
      		<foodType>VegetableOrFruit</foodType>
      		<ingestEffect>EatVegetarian</ingestEffect>
      		<ingestSound>RawVegetable_Eat</ingestSound>
    	</ingestible>
    	<comps>
      		<li Class="CompProperties_Rottable">
        		<daysToRotStart>24</daysToRotStart>
        		<rotDestroys>true</rotDestroys>
      		</li>
    	</comps>
  	</ThingDef>

</Defs>