<?xml version="1.0" encoding="utf-8" ?>
<Patch>
	
	<Operation Class="PatchOperationFindMod">
		<mods>
			<li>Social Supplements</li>
		</mods>
		<match Class="PatchOperationSequence">
			<success>Always</success>
			<operations>
				<li Class="PatchOperationAdd">
					<xpath>/Defs/RecipeDef[defName="MakeAQCollagen"]/ingredients/li[1]/filter/disallowedThingDefs</xpath>
					<value>
						<li>SSMorel</li>
					</value>
				</li>
				<li Class="PatchOperationAdd">
					<xpath>/Defs/RecipeDef[defName="MakeAQCollagen"]/fixedIngredientFilter/disallowedThingDefs</xpath>
					<value>
						<li>SSMorel</li>
					</value>
				</li>
				<li Class="PatchOperationAdd">
					<xpath>/Defs/RecipeDef[defName="MakeBulkAQCollagen"]/ingredients/li[1]/filter/disallowedThingDefs</xpath>
					<value>
						<li>SSMorel</li>
					</value>
				</li>
				<li Class="PatchOperationAdd">
					<xpath>/Defs/RecipeDef[defName="MakeBulkAQCollagen"]/fixedIngredientFilter/disallowedThingDefs</xpath>
					<value>
						<li>SSMorel</li>
					</value>
				</li>
			</operations>
		</match>
	</Operation>
	
</Patch>