<?xml version="1.0" encoding="utf-8"?>
<Defs>

 	<ThingDef ParentName="BuildingBase">
    	<defName>AQFishTank</defName>
    	<label>Fish Tank</label>
    	<description>A large glass tank with water and decorations for keeping pet fish in.</description>
    	<graphicData>
      		<texPath>Things/Tanks/Tank_Water</texPath>
      		<graphicClass>Graphic_Single</graphicClass>
			<shaderType>CutoutComplex</shaderType>
			<drawSize>(2,2)</drawSize>
      		<drawRotated>false</drawRotated>
			<damageData>
	        	<rect>(0.35,0.35,0.3,0.3)</rect>
    	  	</damageData>
    	</graphicData>
		<size>(2,2)</size>
    	<fillPercent>0.85</fillPercent>
    	<altitudeLayer>Building</altitudeLayer>
    	<hasInteractionCell>false</hasInteractionCell>
    	<passability>PassThroughOnly</passability>
    	<pathCost>75</pathCost>
    	<socialPropernessMatters>true</socialPropernessMatters>
		<blockWind>false</blockWind>
		<selectable>true</selectable>
		<soundImpactDefault>BulletImpact_Ground</soundImpactDefault>
    	<leaveResourcesWhenKilled>true</leaveResourcesWhenKilled>
    	<!--<thingCategories>
      		<li>BuildingsJoy</li>
    	</thingCategories>-->
		<designationCategory>Joy</designationCategory>
    	<building>
      		<joyKind>AQAquarium</joyKind>
			<ai_chillDestination>true</ai_chillDestination>
    	</building>
		<stuffCategories>
      		<li>Metallic</li>
      		<li>Stony</li>
    	</stuffCategories>
    	<costStuffCount>60</costStuffCount>
    	<costList>
      		<AQGlassPanel>4</AQGlassPanel>
			<Steel>10</Steel>
			<ComponentIndustrial>1</ComponentIndustrial>
    	</costList>
    	<statBases>
      		<MaxHitPoints>250</MaxHitPoints>
      		<Flammability>0.2</Flammability>
      		<Mass>20</Mass>
			<WorkToBuild>5000</WorkToBuild>
      		<JoyGainFactor>1.75</JoyGainFactor>
			<Beauty>80</Beauty>
			<MeditationFocusStrength>0.5</MeditationFocusStrength>
    	</statBases>
		<tickerType>Normal</tickerType>
		<comps>
			<li Class="Aquarium.CompProperties_CompAquarium">
				<maxFish>4</maxFish>
				<powerNeeded>true</powerNeeded>
				<targetTemp>24.0</targetTemp>
				<heatPerSecond>12.0</heatPerSecond>
			</li>
			<li Class="CompProperties_Power">
        		<compClass>CompPowerTrader</compClass>
        		<shortCircuitInRain>false</shortCircuitInRain>
        		<basePowerConsumption>80</basePowerConsumption>
      		</li>
      		<li Class="CompProperties_Flickable"/>
			<li Class="CompProperties_Breakdownable"/>
			<li Class="CompProperties_Glower">
        		<glowRadius>5</glowRadius>
        		<glowColor>(73,123,138,0)</glowColor>
      		</li>
		  	<li Class="CompProperties_MeditationFocus">
        		<statDef>MeditationFocusStrength</statDef>
        		<focusTypes>
          			<li>Natural</li>
          			<li>Minimal</li>
        		</focusTypes>
      		</li>
    	</comps>
		<researchPrerequisites>
      		<li>AQFishTanks</li>
    	</researchPrerequisites>
  	</ThingDef>

</Defs>